Workbook
Name Slicer_Category: #N/A
Name Slicer_Financial_Year: #N/A
Name Slicer_State: #N/A
Name Slicer_Type: #N/A

Sheet KMART DATA - UNCLEAN
A1: Date | B1: Financial Year | C1: Financial Year2 | D1: Type | E1: Suburb | F1: Full State | G1: State | H1: Postcode | I1: Country | J1: Manager | K1: Category | L1: Buyer | M1: Sales
A2: 45476 | B2: =IF(MONTH(A2)>=7,YEAR(A2)+1,YEAR(A2)) -> 2025 | C2: =IF(MONTH(A2) >= 7, YEAR(A2) & "-" & YEAR(A2) + 1, YEAR(A2) - 1 & "-" & YEAR(A2)) -> 2024-2025 | D2: KMART STORE | F2: =IF(G2="WA","Western Australia", IF(G2="NSW","New South Wales", IF(G2="QLD","Queensland", IF(G2="VIC","Victoria", IF(G2="TAS","Tasmania", IF(G2="SA","South Australia", IF(G2="NT","Northern Territory", IF(G2="ACT","Australian Capital Territory",G2)))))))) -> Western Australia | G2: WA | H2: 6021 | I2: Australia | J2: Tom McKenzie | K2: Beauty & Personal Care | L2: Chester George | M2: 1
A3: 03rdDec2024 | B3: =IF(MONTH(A3)>=7,YEAR(A3)+1,YEAR(A3)) -> #VALUE! | C3: =IF(MONTH(A3) >= 7, YEAR(A3) & "-" & YEAR(A3) + 1, YEAR(A3) - 1 & "-" & YEAR(A3)) -> #VALUE! | D3: KMART STORE | E3: Ballina | F3: =IF(G3="WA","Western Australia", IF(G3="NSW","New South Wales", IF(G3="QLD","Queensland", IF(G3="VIC","Victoria", IF(G3="TAS","Tasmania", IF(G3="SA","South Australia", IF(G3="NT","Northern Territory", IF(G3="ACT","Australian Capital Territory",G3)))))))) -> New South Wales | G3: NSW | I3: Australia | J3: Claire Bridges | K3: Home & Living | L3: Elizabeth Gentry | M3: 1
A4: 45416 | B4: =IF(MONTH(A4)>=7,YEAR(A4)+1,YEAR(A4)) -> 2024 | C4: =IF(MONTH(A4) >= 7, YEAR(A4) & "-" & YEAR(A4) + 1, YEAR(A4) - 1 & "-" & YEAR(A4)) -> 2023-2024 | D4: KMART ONLINE | E4: Belconnen | F4: =IF(G4="WA","Western Australia", IF(G4="NSW","New South Wales", IF(G4="QLD","Queensland", IF(G4="VIC","Victoria", IF(G4="TAS","Tasmania", IF(G4="SA","South Australia", IF(G4="NT","Northern Territory", IF(G4="ACT","Australian Capital Territory",G4)))))))) -> Australian Capital Territory | G4: ACT | H4: 2617 | I4: Australia | J4: George Chester | K4: Home & Living | L4: Elizabeth Gentry | M4: 1
A5: 45801 | B5: =IF(MONTH(A5)>=7,YEAR(A5)+1,YEAR(A5)) -> 2025 | C5: =IF(MONTH(A5) >= 7, YEAR(A5) & "-" & YEAR(A5) + 1, YEAR(A5) - 1 & "-" & YEAR(A5)) -> 2024-2025 | D5: KMART STORE | E5: Burleigh Waters | F5: =IF(G5="WA","Western Australia", IF(G5="NSW","New South Wales", IF(G5="QLD","Queensland", IF(G5="VIC","Victoria", IF(G5="TAS","Tasmania", IF(G5="SA","South Australia", IF(G5="NT","Northern Territory", IF(G5="ACT","Australian Capital Territory",G5)))))))) -> Queensland | G5: QLD | H5: 4220 | I5: Australia | J5: Ricky Wilkinson | K5: Accessories | L5: Sara Ferrell | M5: 1
A6: 45536 | B6: =IF(MONTH(A6)>=7,YEAR(A6)+1,YEAR(A6)) -> 2025 | C6: =IF(MONTH(A6) >= 7, YEAR(A6) & "-" & YEAR(A6) + 1, YEAR(A6) - 1 & "-" & YEAR(A6)) -> 2024-2025 | D6: KMART STORE | E6: Castle Hill | F6: =IF(G6="WA","Western Australia", IF(G6="NSW","New South Wales", IF(G6="QLD","Queensland", IF(G6="VIC","Victoria", IF(G6="TAS","Tasmania", IF(G6="SA","South Australia", IF(G6="NT","Northern Territory", IF(G6="ACT","Australian Capital Territory",G6)))))))) -> New South Wales | G6: NSW | H6: 2154 | I6: Australia | J6: Lillian Pruitt | K6: Baby & Nursery | L6: Amy Buchanan | M6: 1
A7: 45574 | B7: =IF(MONTH(A7)>=7,YEAR(A7)+1,YEAR(A7)) -> 2025 | C7: =IF(MONTH(A7) >= 7, YEAR(A7) & "-" & YEAR(A7) + 1, YEAR(A7) - 1 & "-" & YEAR(A7)) -> 2024-2025 | D7: KMART STORE | E7: Chatswood | F7: =IF(G7="WA","Western Australia", IF(G7="NSW","New South Wales", IF(G7="QLD","Queensland", IF(G7="VIC","Victoria", IF(G7="TAS","Tasmania", IF(G7="SA","South Australia", IF(G7="NT","Northern Territory", IF(G7="ACT","Australian Capital Territory",G7)))))))) -> New South Wales | G7: NSW | I7: Australia | J7: Jeremy Garcia | K7: Beauty & Personal Care | L7: Chester George | M7: 1
A8: 45333 | B8: =IF(MONTH(A8)>=7,YEAR(A8)+1,YEAR(A8)) -> 2024 | C8: =IF(MONTH(A8) >= 7, YEAR(A8) & "-" & YEAR(A8) + 1, YEAR(A8) - 1 & "-" & YEAR(A8)) -> 2023-2024 | D8: KMART STORE | E8: Claremont | F8: =IF(G8="WA","Western Australia", IF(G8="NSW","New South Wales", IF(G8="QLD","Queensland", IF(G8="VIC","Victoria", IF(G8="TAS","Tasmania", IF(G8="SA","South Australia", IF(G8="NT","Northern Territory", IF(G8="ACT","Australian Capital Territory",G8)))))))) -> Western Australia | G8: WA | H8: 6010 | I8: Australia | J8: Tom McKenzie | K8: Clothing & Fashion | L8: Bruce Curran | M8: 1
A9: 45594 | B9: =IF(MONTH(A9)>=7,YEAR(A9)+1,YEAR(A9)) -> 2025 | C9: =IF(MONTH(A9) >= 7, YEAR(A9) & "-" & YEAR(A9) + 1, YEAR(A9) - 1 & "-" & YEAR(A9)) -> 2024-2025 | D9: KMART STORE | E9: Dandenong | F9: =IF(G9="WA","Western Australia", IF(G9="NSW","New South Wales", IF(G9="QLD","Queensland", IF(G9="VIC","Victoria", IF(G9="TAS","Tasmania", IF(G9="SA","South Australia", IF(G9="NT","Northern Territory", IF(G9="ACT","Australian Capital Territory",G9)))))))) -> Victoria | G9: VIC | H9: 3175 | I9: Australia | J9: Rachael Long | K9: Home & Living | L9: Elizabeth Gentry | M9: 1
A10: 45661 | B10: =IF(MONTH(A10)>=7,YEAR(A10)+1,YEAR(A10)) -> 2025 | C10: =IF(MONTH(A10) >= 7, YEAR(A10) & "-" & YEAR(A10) + 1, YEAR(A10) - 1 & "-" & YEAR(A10)) -> 2024-2025 | D10: KMART STORE | E10: Dural | F10: =IF(G10="WA","Western Australia", IF(G10="NSW","New South Wales", IF(G10="QLD","Queensland", IF(G10="VIC","Victoria", IF(G10="TAS","Tasmania", IF(G10="SA","South Australia", IF(G10="NT","Northern Territory", IF(G10="ACT","Australian Capital Territory",G10)))))))) -> New South Wales | G10: NSW | H10: 2158 | I10: Australia | J10: Lillian Pruitt | K10: Baby & Nursery | L10: Amy Buchanan | M10: 1
A11: 45779 | B11: =IF(MONTH(A11)>=7,YEAR(A11)+1,YEAR(A11)) -> 2025 | C11: =IF(MONTH(A11) >= 7, YEAR(A11) & "-" & YEAR(A11) + 1, YEAR(A11) - 1 & "-" & YEAR(A11)) -> 2024-2025 | D11: KMART STORE | E11: Epping | F11: =IF(G11="WA","Western Australia", IF(G11="NSW","New South Wales", IF(G11="QLD","Queensland", IF(G11="VIC","Victoria", IF(G11="TAS","Tasmania", IF(G11="SA","South Australia", IF(G11="NT","Northern Territory", IF(G11="ACT","Australian Capital Territory",G11)))))))) -> Victoria | G11: VIC | H11: 3076 | I11: Australia | J11: Brian Hubbard | K11: Electronics & Entertainment | L11: Maggie Mayer | M11: 1
A12: 45673 | B12: =IF(MONTH(A12)>=7,YEAR(A12)+1,YEAR(A12)) -> 2025 | C12: =IF(MONTH(A12) >= 7, YEAR(A12) & "-" & YEAR(A12) + 1, YEAR(A12) - 1 & "-" & YEAR(A12)) -> 2024-2025 | D12: KMART STORE | E12: Epping | F12: =IF(G12="WA","Western Australia", IF(G12="NSW","New South Wales", IF(G12="QLD","Queensland", IF(G12="VIC","Victoria", IF(G12="TAS","Tasmania", IF(G12="SA","South Australia", IF(G12="NT","Northern Territory", IF(G12="ACT","Australian Capital Territory",G12)))))))) -> Victoria | G12: VIC | H12: 3076 | I12: Australia | J12: Brian Hubbard | K12: Beauty & Personal Care | L12: Chester George | M12: 1
A13: 13thOct2024 | B13: =IF(MONTH(A13)>=7,YEAR(A13)+1,YEAR(A13)) -> #VALUE! | C13: =IF(MONTH(A13) >= 7, YEAR(A13) & "-" & YEAR(A13) + 1, YEAR(A13) - 1 & "-" & YEAR(A13)) -> #VALUE! | D13: KMART STORE | E13: Epsom | F13: =IF(G13="WA","Western Australia", IF(G13="NSW","New South Wales", IF(G13="QLD","Queensland", IF(G13="VIC","Victoria", IF(G13="TAS","Tasmania", IF(G13="SA","South Australia", IF(G13="NT","Northern Territory", IF(G13="ACT","Australian Capital Territory",G13)))))))) -> Victoria | G13: VIC | I13: Australia | J13: Jerry Fulton | K13: Stationery & Office Supplies | L13: Ella Hickman | M13: 1
A14: 45606 | B14: =IF(MONTH(A14)>=7,YEAR(A14)+1,YEAR(A14)) -> 2025 | C14: =IF(MONTH(A14) >= 7, YEAR(A14) & "-" & YEAR(A14) + 1, YEAR(A14) - 1 & "-" & YEAR(A14)) -> 2024-2025 | D14: KMART STORE | E14: Glenorchy | F14: =IF(G14="WA","Western Australia", IF(G14="NSW","New South Wales", IF(G14="QLD","Queensland", IF(G14="VIC","Victoria", IF(G14="TAS","Tasmania", IF(G14="SA","South Australia", IF(G14="NT","Northern Territory", IF(G14="ACT","Australian Capital Territory",G14)))))))) -> Tasmania | G14: TAS | H14: 7010 | I14: Australia | J14: Simone Prior | K14: Beauty & Personal Care | L14: Chester George | M14: 1
A15: 45566 | B15: =IF(MONTH(A15)>=7,YEAR(A15)+1,YEAR(A15)) -> 2025 | C15: =IF(MONTH(A15) >= 7, YEAR(A15) & "-" & YEAR(A15) + 1, YEAR(A15) - 1 & "-" & YEAR(A15)) -> 2024-2025 | D15: KMART STORE | E15: Indooroopilly | F15: =IF(G15="WA","Western Australia", IF(G15="NSW","New South Wales", IF(G15="QLD","Queensland", IF(G15="VIC","Victoria", IF(G15="TAS","Tasmania", IF(G15="SA","South Australia", IF(G15="NT","Northern Territory", IF(G15="ACT","Australian Capital Territory",G15)))))))) -> Queensland | G15: QLD | H15: 4068 | I15: Australia | J15: Terri Wright | K15: Home & Living | L15: Elizabeth Gentry | M15: 1
A16: 45621 | B16: =IF(MONTH(A16)>=7,YEAR(A16)+1,YEAR(A16)) -> 2025 | C16: =IF(MONTH(A16) >= 7, YEAR(A16) & "-" & YEAR(A16) + 1, YEAR(A16) - 1 & "-" & YEAR(A16)) -> 2024-2025 | D16: KMART STORE | E16: Lismore | F16: =IF(G16="WA","Western Australia", IF(G16="NSW","New South Wales", IF(G16="QLD","Queensland", IF(G16="VIC","Victoria", IF(G16="TAS","Tasmania", IF(G16="SA","South Australia", IF(G16="NT","Northern Territory", IF(G16="ACT","Australian Capital Territory",G16)))))))) -> New South Wales | G16: NSW | H16: 2480 | I16: Australia | J16: Claire Bridges | K16: Home & Living | L16: Elizabeth Gentry | M16: 1
A17: 45634 | B17: =IF(MONTH(A17)>=7,YEAR(A17)+1,YEAR(A17)) -> 2025 | C17: =IF(MONTH(A17) >= 7, YEAR(A17) & "-" & YEAR(A17) + 1, YEAR(A17) - 1 & "-" & YEAR(A17)) -> 2024-2025 | D17: KMART STORE | E17: Lithgow | F17: =IF(G17="WA","Western Australia", IF(G17="NSW","New South Wales", IF(G17="QLD","Queensland", IF(G17="VIC","Victoria", IF(G17="TAS","Tasmania", IF(G17="SA","South Australia", IF(G17="NT","Northern Territory", IF(G17="ACT","Australian Capital Territory",G17)))))))) -> New South Wales | G17: NSW | H17: 2790 | I17: Australia | J17: John Gardner | K17: Home & Living | L17: Elizabeth Gentry | M17: 1
A18: 45317 | B18: =IF(MONTH(A18)>=7,YEAR(A18)+1,YEAR(A18)) -> 2024 | C18: =IF(MONTH(A18) >= 7, YEAR(A18) & "-" & YEAR(A18) + 1, YEAR(A18) - 1 & "-" & YEAR(A18)) -> 2023-2024 | D18: KMART STORE | E18: Mascot | F18: =IF(G18="WA","Western Australia", IF(G18="NSW","New South Wales", IF(G18="QLD","Queensland", IF(G18="VIC","Victoria", IF(G18="TAS","Tasmania", IF(G18="SA","South Australia", IF(G18="NT","Northern Territory", IF(G18="ACT","Australian Capital Territory",G18)))))))) -> New South Wales | G18: NSW | H18: 2020 | I18: Australia | J18: Jeremy Garcia | K18: Electronics & Entertainment | L18: Maggie Mayer | M18: 1
A19: 45568 | B19: =IF(MONTH(A19)>=7,YEAR(A19)+1,YEAR(A19)) -> 2025 | C19: =IF(MONTH(A19) >= 7, YEAR(A19) & "-" & YEAR(A19) + 1, YEAR(A19) - 1 & "-" & YEAR(A19)) -> 2024-2025 | D19: KMART ONLINE | E19: Mindarie | F19: =IF(G19="WA","Western Australia", IF(G19="NSW","New South Wales", IF(G19="QLD","Queensland", IF(G19="VIC","Victoria", IF(G19="TAS","Tasmania", IF(G19="SA","South Australia", IF(G19="NT","Northern Territory", IF(G19="ACT","Australian Capital Territory",G19)))))))) -> Western Australia | G19: WA | H19: 6030 | I19: Australia | J19: Tom McKenzie | K19: Baby & Nursery | L19: Amy Buchanan | M19: 1
A20: 45586 | B20: =IF(MONTH(A20)>=7,YEAR(A20)+1,YEAR(A20)) -> 2025 | C20: =IF(MONTH(A20) >= 7, YEAR(A20) & "-" & YEAR(A20) + 1, YEAR(A20) - 1 & "-" & YEAR(A20)) -> 2024-2025 | D20: KMART ONLINE | E20: Mindarie | F20: =IF(G20="WA","Western Australia", IF(G20="NSW","New South Wales", IF(G20="QLD","Queensland", IF(G20="VIC","Victoria", IF(G20="TAS","Tasmania", IF(G20="SA","South Australia", IF(G20="NT","Northern Territory", IF(G20="ACT","Australian Capital Territory",G20)))))))) -> Western Australia | G20: WA | H20: 6030 | I20: Australia | J20: Tom McKenzie | K20: Baby & Nursery | L20: Amy Buchanan | M20: 1
A21: 45504 | B21: =IF(MONTH(A21)>=7,YEAR(A21)+1,YEAR(A21)) -> 2025 | C21: =IF(MONTH(A21) >= 7, YEAR(A21) & "-" & YEAR(A21) + 1, YEAR(A21) - 1 & "-" & YEAR(A21)) -> 2024-2025 | D21: KMART STORE | E21: Mt Isa | F21: =IF(G21="WA","Western Australia", IF(G21="NSW","New South Wales", IF(G21="QLD","Queensland", IF(G21="VIC","Victoria", IF(G21="TAS","Tasmania", IF(G21="SA","South Australia", IF(G21="NT","Northern Territory", IF(G21="ACT","Australian Capital Territory",G21)))))))) -> Queensland | G21: QLD | H21: 4825 | I21: Australia | J21: Caroline Tucker | K21: Footwear | L21: Richard Carr | M21: 1
A22: 45528 | B22: =IF(MONTH(A22)>=7,YEAR(A22)+1,YEAR(A22)) -> 2025 | C22: =IF(MONTH(A22) >= 7, YEAR(A22) & "-" & YEAR(A22) + 1, YEAR(A22) - 1 & "-" & YEAR(A22)) -> 2024-2025 | D22: KMART STORE | E22: Noarlunga | F22: =IF(G22="WA","Western Australia", IF(G22="NSW","New South Wales", IF(G22="QLD","Queensland", IF(G22="VIC","Victoria", IF(G22="TAS","Tasmania", IF(G22="SA","South Australia", IF(G22="NT","Northern Territory", IF(G22="ACT","Australian Capital Territory",G22)))))))) -> South Australia | G22: SA | H22: 5168 | I22: Australia | J22: Ray Watson | K22: Baby & Nursery | L22: Amy Buchanan | M22: 1
A23: 45434 | B23: =IF(MONTH(A23)>=7,YEAR(A23)+1,YEAR(A23)) -> 2024 | C23: =IF(MONTH(A23) >= 7, YEAR(A23) & "-" & YEAR(A23) + 1, YEAR(A23) - 1 & "-" & YEAR(A23)) -> 2023-2024 | D23: KMART STORE | E23: Orange | F23: =IF(G23="WA","Western Australia", IF(G23="NSW","New South Wales", IF(G23="QLD","Queensland", IF(G23="VIC","Victoria", IF(G23="TAS","Tasmania", IF(G23="SA","South Australia", IF(G23="NT","Northern Territory", IF(G23="ACT","Australian Capital Territory",G23)))))))) -> New South Wales | G23: NSW | H23: 2800 | I23: Australia | J23: John Gardner | K23: Electronics & Entertainment | L23: Maggie Mayer | M23: 1
A24: 45459 | B24: =IF(MONTH(A24)>=7,YEAR(A24)+1,YEAR(A24)) -> 2024 | C24: =IF(MONTH(A24) >= 7, YEAR(A24) & "-" & YEAR(A24) + 1, YEAR(A24) - 1 & "-" & YEAR(A24)) -> 2023-2024 | D24: KMART STORE | E24: Sunbury | F24: =IF(G24="WA","Western Australia", IF(G24="NSW","New South Wales", IF(G24="QLD","Queensland", IF(G24="VIC","Victoria", IF(G24="TAS","Tasmania", IF(G24="SA","South Australia", IF(G24="NT","Northern Territory", IF(G24="ACT","Australian Capital Territory",G24)))))))) -> Victoria | G24: VIC | H24: 3429 | I24: Australia | J24: Jerry Fulton | K24: Baby & Nursery | L24: Amy Buchanan | M24: 1
A25: 45974 | B25: =IF(MONTH(A25)>=7,YEAR(A25)+1,YEAR(A25)) -> 2026 | C25: =IF(MONTH(A25) >= 7, YEAR(A25) & "-" & YEAR(A25) + 1, YEAR(A25) - 1 & "-" & YEAR(A25)) -> 2025-2026 | D25: KMART STORE | E25: Toombul | F25: =IF(G25="WA","Western Australia", IF(G25="NSW","New South Wales", IF(G25="QLD","Queensland", IF(G25="VIC","Victoria", IF(G25="TAS","Tasmania", IF(G25="SA","South Australia", IF(G25="NT","Northern Territory", IF(G25="ACT","Australian Capital Territory",G25)))))))) -> Queensland | G25: QLD | H25: 4012 | I25: Australia | J25: Terri Wright | K25: Baby & Nursery | L25: Amy Buchanan | M25: 1
... A202: 45829 | B202: =IF(MONTH(A202)>=7,YEAR(A202)+1,YEAR(A202)) -> 2025 | C202: =IF(MONTH(A202) >= 7, YEAR(A202) & "-" & YEAR(A202) + 1, YEAR(A202) - 1 & "-" & YEAR(A202)) -> 2024-2025 | D202: KMART STORE | E202: Frankston | F202: =IF(G202="WA","Western Australia", IF(G202="NSW","New South Wales", IF(G202="QLD","Queensland", IF(G202="VIC","Victoria", IF(G202="TAS","Tasmania", IF(G202="SA","South Australia", IF(G202="NT","Northern Territory", IF(G202="ACT","Australian Capital Territory",G202)))))))) -> Victoria | G202: VIC | H202: 3199 | I202: Australia | J202: Rachael Long | K202: Home & Living | L202: Elizabeth Gentry | M202: 4.96
A203: 45808 | B203: =IF(MONTH(A203)>=7,YEAR(A203)+1,YEAR(A203)) -> 2025 | C203: =IF(MONTH(A203) >= 7, YEAR(A203) & "-" & YEAR(A203) + 1, YEAR(A203) - 1 & "-" & YEAR(A203)) -> 2024-2025 | D203: KMART STORE | F203: =IF(G203="WA","Western Australia", IF(G203="NSW","New South Wales", IF(G203="QLD","Queensland", IF(G203="VIC","Victoria", IF(G203="TAS","Tasmania", IF(G203="SA","South Australia", IF(G203="NT","Northern Territory", IF(G203="ACT","Australian Capital Territory",G203)))))))) -> Western Australia | G203: WA | H203: 6021 | I203: Australia | J203: Tom McKenzie | K203: Footwear | L203: Richard Carr | M203: 4.99
A204: 45446 | B204: =IF(MONTH(A204)>=7,YEAR(A204)+1,YEAR(A204)) -> 2024 | C204: =IF(MONTH(A204) >= 7, YEAR(A204) & "-" & YEAR(A204) + 1, YEAR(A204) - 1 & "-" & YEAR(A204)) -> 2023-2024 | D204: KMART STORE | E204: Bussleton | F204: =IF(G204="WA","Western Australia", IF(G204="NSW","New South Wales", IF(G204="QLD","Queensland", IF(G204="VIC","Victoria", IF(G204="TAS","Tasmania", IF(G204="SA","South Australia", IF(G204="NT","Northern Territory", IF(G204="ACT","Australian Capital Territory",G204)))))))) -> Western Australia | G204: WA | H204: 6280 | I204: Australia | J204: Miles Hammond | K204: Electronics & Entertainment | L204: Maggie Mayer | M204: 4.99
A205: 45962 | B205: =IF(MONTH(A205)>=7,YEAR(A205)+1,YEAR(A205)) -> 2026 | C205: =IF(MONTH(A205) >= 7, YEAR(A205) & "-" & YEAR(A205) + 1, YEAR(A205) - 1 & "-" & YEAR(A205)) -> 2025-2026 | D205: KMART STORE | E205: Claremont | F205: =IF(G205="WA","Western Australia", IF(G205="NSW","New South Wales", IF(G205="QLD","Queensland", IF(G205="VIC","Victoria", IF(G205="TAS","Tasmania", IF(G205="SA","South Australia", IF(G205="NT","Northern Territory", IF(G205="ACT","Australian Capital Territory",G205)))))))) -> Western Australia | G205: WA | H205: 6010 | I205: Australia | J205: Tom McKenzie | K205: Electronics & Entertainment | L205: Maggie Mayer | M205: 4.99
A206: 45790 | B206: =IF(MONTH(A206)>=7,YEAR(A206)+1,YEAR(A206)) -> 2025 | C206: =IF(MONTH(A206) >= 7, YEAR(A206) & "-" & YEAR(A206) + 1, YEAR(A206) - 1 & "-" & YEAR(A206)) -> 2024-2025 | D206: KMART STORE | E206: Cranbourne | F206: =IF(G206="WA","Western Australia", IF(G206="NSW","New South Wales", IF(G206="QLD","Queensland", IF(G206="VIC","Victoria", IF(G206="TAS","Tasmania", IF(G206="SA","South Australia", IF(G206="NT","Northern Territory", IF(G206="ACT","Australian Capital Territory",G206)))))))) -> Victoria | G206: VIC | H206: 3977 | I206: Australia | J206: Owen Pierce | K206: Footwear | L206: Richard Carr | M206: 4.99
A207: 45404 | B207: =IF(MONTH(A207)>=7,YEAR(A207)+1,YEAR(A207)) -> 2024 | C207: =IF(MONTH(A207) >= 7, YEAR(A207) & "-" & YEAR(A207) + 1, YEAR(A207) - 1 & "-" & YEAR(A207)) -> 2023-2024 | D207: KMART STORE | E207: Dubbo | F207: =IF(G207="WA","Western Australia", IF(G207="NSW","New South Wales", IF(G207="QLD","Queensland", IF(G207="VIC","Victoria", IF(G207="TAS","Tasmania", IF(G207="SA","South Australia", IF(G207="NT","Northern Territory", IF(G207="ACT","Australian Capital Territory",G207)))))))) -> New South Wales | G207: NSW | H207: 2830 | I207: Australia | J207: John Gardner | K207: Electronics & Entertainment | L207: Maggie Mayer | M207: 4.99
A208: 45552 | B208: =IF(MONTH(A208)>=7,YEAR(A208)+1,YEAR(A208)) -> 2025 | C208: =IF(MONTH(A208) >= 7, YEAR(A208) & "-" & YEAR(A208) + 1, YEAR(A208) - 1 & "-" & YEAR(A208)) -> 2024-2025 | D208: KMART STORE | E208: Dural | F208: =IF(G208="WA","Western Australia", IF(G208="NSW","New South Wales", IF(G208="QLD","Queensland", IF(G208="VIC","Victoria", IF(G208="TAS","Tasmania", IF(G208="SA","South Australia", IF(G208="NT","Northern Territory", IF(G208="ACT","Australian Capital Territory",G208)))))))) -> New South Wales | G208: NSW | H208: 2158 | I208: Australia | J208: Lillian Pruitt | K208: Electronics & Entertainment | L208: Maggie Mayer | M208: 4.99
A209: 45825 | B209: =IF(MONTH(A209)>=7,YEAR(A209)+1,YEAR(A209)) -> 2025 | C209: =IF(MONTH(A209) >= 7, YEAR(A209) & "-" & YEAR(A209) + 1, YEAR(A209) - 1 & "-" & YEAR(A209)) -> 2024-2025 | D209: KMART STORE | E209: Dural | F209: =IF(G209="WA","Western Australia", IF(G209="NSW","New South Wales", IF(G209="QLD","Queensland", IF(G209="VIC","Victoria", IF(G209="TAS","Tasmania", IF(G209="SA","South Australia", IF(G209="NT","Northern Territory", IF(G209="ACT","Australian Capital Territory",G209)))))))) -> New South Wales | G209: NSW | H209: 2158 | I209: Australia | J209: Lillian Pruitt | K209: Clothing & Fashion | L209: Bruce Curran | M209: 4.99
A210: 45504 | B210: =IF(MONTH(A210)>=7,YEAR(A210)+1,YEAR(A210)) -> 2025 | C210: =IF(MONTH(A210) >= 7, YEAR(A210) & "-" & YEAR(A210) + 1, YEAR(A210) - 1 & "-" & YEAR(A210)) -> 2024-2025 | D210: KMART STORE | E210: Hervey Bay | F210: =IF(G210="WA","Western Australia", IF(G210="NSW","New South Wales", IF(G210="QLD","Queensland", IF(G210="VIC","Victoria", IF(G210="TAS","Tasmania", IF(G210="SA","South Australia", IF(G210="NT","Northern Territory", IF(G210="ACT","Australian Capital Territory",G210)))))))) -> Queensland | G210: QLD | H210: 4655 | I210: Australia | J210: Amber Ward | K210: Electronics & Entertainment | L210: Maggie Mayer | M210: 4.99
A211: 45359 | B211: =IF(MONTH(A211)>=7,YEAR(A211)+1,YEAR(A211)) -> 2024 | C211: =IF(MONTH(A211) >= 7, YEAR(A211) & "-" & YEAR(A211) + 1, YEAR(A211) - 1 & "-" & YEAR(A211)) -> 2023-2024 | D211: KMART STORE | E211: Maroochydore | F211: =IF(G211="WA","Western Australia", IF(G211="NSW","New South Wales", IF(G211="QLD","Queensland", IF(G211="VIC","Victoria", IF(G211="TAS","Tasmania", IF(G211="SA","South Australia", IF(G211="NT","Northern Territory", IF(G211="ACT","Australian Capital Territory",G211)))))))) -> Queensland | G211: QLD | H211: 4558 | I211: Australia | J211: Shellie Thomas | K211: Clothing & Fashion | L211: Bruce Curran | M211: 4.99
A212: 45991 | B212: =IF(MONTH(A212)>=7,YEAR(A212)+1,YEAR(A212)) -> 2026 | C212: =IF(MONTH(A212) >= 7, YEAR(A212) & "-" & YEAR(A212) + 1, YEAR(A212) - 1 & "-" & YEAR(A212)) -> 2025-2026 | D212: KMART ONLINE | E212: Southport | F212: =IF(G212="WA","Western Australia", IF(G212="NSW","New South Wales", IF(G212="QLD","Queensland", IF(G212="VIC","Victoria", IF(G212="TAS","Tasmania", IF(G212="SA","South Australia", IF(G212="NT","Northern Territory", IF(G212="ACT","Australian Capital Territory",G212)))))))) -> Queensland | G212: QLD | H212: 4215 | I212: Australia | J212: Ricky Wilkinson | K212: Clothing & Fashion | L212: Bruce Curran | M212: 4.99
A213: 45606 | B213: =IF(MONTH(A213)>=7,YEAR(A213)+1,YEAR(A213)) -> 2025 | C213: =IF(MONTH(A213) >= 7, YEAR(A213) & "-" & YEAR(A213) + 1, YEAR(A213) - 1 & "-" & YEAR(A213)) -> 2024-2025 | D213: KMART STORE | E213: Stafford | F213: =IF(G213="WA","Western Australia", IF(G213="NSW","New South Wales", IF(G213="QLD","Queensland", IF(G213="VIC","Victoria", IF(G213="TAS","Tasmania", IF(G213="SA","South Australia", IF(G213="NT","Northern Territory", IF(G213="ACT","Australian Capital Territory",G213)))))))) -> Queensland | G213: QLD | H213: 4053 | I213: Australia | J213: Terri Wright | K213: Clothing & Fashion | L213: Bruce Curran | M213: 4.99
A214: 45658 | B214: =IF(MONTH(A214)>=7,YEAR(A214)+1,YEAR(A214)) -> 2025 | C214: =IF(MONTH(A214) >= 7, YEAR(A214) & "-" & YEAR(A214) + 1, YEAR(A214) - 1 & "-" & YEAR(A214)) -> 2024-2025 | D214: KMART STORE | E214: Airlie Beach | F214: =IF(G214="WA","Western Australia", IF(G214="NSW","New South Wales", IF(G214="QLD","Queensland", IF(G214="VIC","Victoria", IF(G214="TAS","Tasmania", IF(G214="SA","South Australia", IF(G214="NT","Northern Territory", IF(G214="ACT","Australian Capital Territory",G214)))))))) -> Queensland | G214: QLD | H214: 4802 | I214: Australia | J214: Caroline Tucker | K214: Electronics & Entertainment | L214: Maggie Mayer | M214: 5
A215: 45852 | B215: =IF(MONTH(A215)>=7,YEAR(A215)+1,YEAR(A215)) -> 2026 | C215: =IF(MONTH(A215) >= 7, YEAR(A215) & "-" & YEAR(A215) + 1, YEAR(A215) - 1 & "-" & YEAR(A215)) -> 2025-2026 | D215: KMART ONLINE | E215: Caloundra | F215: =IF(G215="WA","Western Australia", IF(G215="NSW","New South Wales", IF(G215="QLD","Queensland", IF(G215="VIC","Victoria", IF(G215="TAS","Tasmania", IF(G215="SA","South Australia", IF(G215="NT","Northern Territory", IF(G215="ACT","Australian Capital Territory",G215)))))))) -> Queensland | G215: QLD | H215: 4551 | I215: Australia | J215: Shellie Thomas | K215: Toys & Outdoor Play | L215: Howard Wright | M215: 5
... A4506: 45325 | B4506: =IF(MONTH(A4506)>=7,YEAR(A4506)+1,YEAR(A4506)) -> 2024 | C4506: =IF(MONTH(A4506) >= 7, YEAR(A4506) & "-" & YEAR(A4506) + 1, YEAR(A4506) - 1 & "-" & YEAR(A4506)) -> 2023-2024 | D4506: KMART STORE | E4506: Campbelltown | F4506: =IF(G4506="WA","Western Australia", IF(G4506="NSW","New South Wales", IF(G4506="QLD","Queensland", IF(G4506="VIC","Victoria", IF(G4506="TAS","Tasmania", IF(G4506="SA","South Australia", IF(G4506="NT","Northern Territory", IF(G4506="ACT","Australian Capital Territory",G4506)))))))) -> New South Wales | G4506: NSW | H4506: 2560 | I4506: Australia | J4506: George Chester | K4506: Home & Living | L4506: Elizabeth Gentry | M4506: 12653.07

Sheet KMART DATA
A1: Date | B1: Financial Year | C1: Financial Year2 | D1: Type | E1: Suburb | F1: Full State | G1: State | H1: Postcode | I1: Country | J1: Manager | K1: Category | L1: Buyer | M1: Sales | N1: Column1
A2: 45476 | B2: =IF(MONTH(A2)>=7,YEAR(A2)+1,YEAR(A2)) -> 2025 | C2: =IF(MONTH(A2) >= 7, YEAR(A2) & "-" & YEAR(A2) + 1, YEAR(A2) - 1 & "-" & YEAR(A2)) -> 2024-2025 | D2: KMART STORE | E2: Balcatta | F2: =IF(G2="WA","Western Australia", IF(G2="NSW","New South Wales", IF(G2="QLD","Queensland", IF(G2="VIC","Victoria", IF(G2="TAS","Tasmania", IF(G2="SA","South Australia", IF(G2="NT","Northern Territory", IF(G2="ACT","Australian Capital Territory",G2)))))))) -> Western Australia | G2: WA | H2: 6021 | I2: Australia | J2: Tom McKenzie | K2: Beauty & Personal Care | L2: Chester George | M2: 1 | N2: 1
A3: 45629 | B3: =IF(MONTH(A3)>=7,YEAR(A3)+1,YEAR(A3)) -> 2025 | C3: =IF(MONTH(A3) >= 7, YEAR(A3) & "-" & YEAR(A3) + 1, YEAR(A3) - 1 & "-" & YEAR(A3)) -> 2024-2025 | D3: KMART STORE | E3: Ballina | F3: =IF(G3="WA","Western Australia", IF(G3="NSW","New South Wales", IF(G3="QLD","Queensland", IF(G3="VIC","Victoria", IF(G3="TAS","Tasmania", IF(G3="SA","South Australia", IF(G3="NT","Northern Territory", IF(G3="ACT","Australian Capital Territory",G3)))))))) -> New South Wales | G3: NSW | H3: 2478 | I3: Australia | J3: Claire Bridges | K3: Home & Living | L3: Elizabeth Gentry | M3: 1 | N3: 1
A4: 45416 | B4: =IF(MONTH(A4)>=7,YEAR(A4)+1,YEAR(A4)) -> 2024 | C4: =IF(MONTH(A4) >= 7, YEAR(A4) & "-" & YEAR(A4) + 1, YEAR(A4) - 1 & "-" & YEAR(A4)) -> 2023-2024 | D4: KMART ONLINE | E4: Belconnen | F4: =IF(G4="WA","Western Australia", IF(G4="NSW","New South Wales", IF(G4="QLD","Queensland", IF(G4="VIC","Victoria", IF(G4="TAS","Tasmania", IF(G4="SA","South Australia", IF(G4="NT","Northern Territory", IF(G4="ACT","Australian Capital Territory",G4)))))))) -> Australian Capital Territory | G4: ACT | H4: 2617 | I4: Australia | J4: George Chester | K4: Home & Living | L4: Elizabeth Gentry | M4: 1 | N4: 1
A5: 45801 | B5: =IF(MONTH(A5)>=7,YEAR(A5)+1,YEAR(A5)) -> 2025 | C5: =IF(MONTH(A5) >= 7, YEAR(A5) & "-" & YEAR(A5) + 1, YEAR(A5) - 1 & "-" & YEAR(A5)) -> 2024-2025 | D5: KMART STORE | E5: Burleigh Waters | F5: =IF(G5="WA","Western Australia", IF(G5="NSW","New South Wales", IF(G5="QLD","Queensland", IF(G5="VIC","Victoria", IF(G5="TAS","Tasmania", IF(G5="SA","South Australia", IF(G5="NT","Northern Territory", IF(G5="ACT","Australian Capital Territory",G5)))))))) -> Queensland | G5: QLD | H5: 4220 | I5: Australia | J5: Ricky Wilkinson | K5: Accessories | L5: Sara Ferrell | M5: 1 | N5: 1
A6: 45536 | B6: =IF(MONTH(A6)>=7,YEAR(A6)+1,YEAR(A6)) -> 2025 | C6: =IF(MONTH(A6) >= 7, YEAR(A6) & "-" & YEAR(A6) + 1, YEAR(A6) - 1 & "-" & YEAR(A6)) -> 2024-2025 | D6: KMART STORE | E6: Castle Hill | F6: =IF(G6="WA","Western Australia", IF(G6="NSW","New South Wales", IF(G6="QLD","Queensland", IF(G6="VIC","Victoria", IF(G6="TAS","Tasmania", IF(G6="SA","South Australia", IF(G6="NT","Northern Territory", IF(G6="ACT","Australian Capital Territory",G6)))))))) -> New South Wales | G6: NSW | H6: 2154 | I6: Australia | J6: Lillian Pruitt | K6: Baby & Nursery | L6: Amy Buchanan | M6: 1 | N6: 1
A7: 45574 | B7: =IF(MONTH(A7)>=7,YEAR(A7)+1,YEAR(A7)) -> 2025 | C7: =IF(MONTH(A7) >= 7, YEAR(A7) & "-" & YEAR(A7) + 1, YEAR(A7) - 1 & "-" & YEAR(A7)) -> 2024-2025 | D7: KMART STORE | E7: Chatswood | F7: =IF(G7="WA","Western Australia", IF(G7="NSW","New South Wales", IF(G7="QLD","Queensland", IF(G7="VIC","Victoria", IF(G7="TAS","Tasmania", IF(G7="SA","South Australia", IF(G7="NT","Northern Territory", IF(G7="ACT","Australian Capital Territory",G7)))))))) -> New South Wales | G7: NSW | H7: 2067 | I7: Australia | J7: Jeremy Garcia | K7: Beauty & Personal Care | L7: Chester George | M7: 1 | N7: 1
A8: 45333 | B8: =IF(MONTH(A8)>=7,YEAR(A8)+1,YEAR(A8)) -> 2024 | C8: =IF(MONTH(A8) >= 7, YEAR(A8) & "-" & YEAR(A8) + 1, YEAR(A8) - 1 & "-" & YEAR(A8)) -> 2023-2024 | D8: KMART STORE | E8: Claremont | F8: =IF(G8="WA","Western Australia", IF(G8="NSW","New South Wales", IF(G8="QLD","Queensland", IF(G8="VIC","Victoria", IF(G8="TAS","Tasmania", IF(G8="SA","South Australia", IF(G8="NT","Northern Territory", IF(G8="ACT","Australian Capital Territory",G8)))))))) -> Western Australia | G8: WA | H8: 6010 | I8: Australia | J8: Tom McKenzie | K8: Clothing & Fashion | L8: Bruce Curran | M8: 1 | N8: 1
A9: 45594 | B9: =IF(MONTH(A9)>=7,YEAR(A9)+1,YEAR(A9)) -> 2025 | C9: =IF(MONTH(A9) >= 7, YEAR(A9) & "-" & YEAR(A9) + 1, YEAR(A9) - 1 & "-" & YEAR(A9)) -> 2024-2025 | D9: KMART STORE | E9: Dandenong | F9: =IF(G9="WA","Western Australia", IF(G9="NSW","New South Wales", IF(G9="QLD","Queensland", IF(G9="VIC","Victoria", IF(G9="TAS","Tasmania", IF(G9="SA","South Australia", IF(G9="NT","Northern Territory", IF(G9="ACT","Australian Capital Territory",G9)))))))) -> Victoria | G9: VIC | H9: 3175 | I9: Australia | J9: Rachael Long | K9: Home & Living | L9: Elizabeth Gentry | M9: 1 | N9: 1
A10: 45661 | B10: =IF(MONTH(A10)>=7,YEAR(A10)+1,YEAR(A10)) -> 2025 | C10: =IF(MONTH(A10) >= 7, YEAR(A10) & "-" & YEAR(A10) + 1, YEAR(A10) - 1 & "-" & YEAR(A10)) -> 2024-2025 | D10: KMART STORE | E10: Dural | F10: =IF(G10="WA","Western Australia", IF(G10="NSW","New South Wales", IF(G10="QLD","Queensland", IF(G10="VIC","Victoria", IF(G10="TAS","Tasmania", IF(G10="SA","South Australia", IF(G10="NT","Northern Territory", IF(G10="ACT","Australian Capital Territory",G10)))))))) -> New South Wales | G10: NSW | H10: 2158 | I10: Australia | J10: Lillian Pruitt | K10: Baby & Nursery | L10: Amy Buchanan | M10: 1 | N10: 1
A11: 45779 | B11: =IF(MONTH(A11)>=7,YEAR(A11)+1,YEAR(A11)) -> 2025 | C11: =IF(MONTH(A11) >= 7, YEAR(A11) & "-" & YEAR(A11) + 1, YEAR(A11) - 1 & "-" & YEAR(A11)) -> 2024-2025 | D11: KMART STORE | E11: Epping | F11: =IF(G11="WA","Western Australia", IF(G11="NSW","New South Wales", IF(G11="QLD","Queensland", IF(G11="VIC","Victoria", IF(G11="TAS","Tasmania", IF(G11="SA","South Australia", IF(G11="NT","Northern Territory", IF(G11="ACT","Australian Capital Territory",G11)))))))) -> Victoria | G11: VIC | H11: 3076 | I11: Australia | J11: Brian Hubbard | K11: Electronics & Entertainment | L11: Maggie Mayer | M11: 1 | N11: 1
A12: 45673 | B12: =IF(MONTH(A12)>=7,YEAR(A12)+1,YEAR(A12)) -> 2025 | C12: =IF(MONTH(A12) >= 7, YEAR(A12) & "-" & YEAR(A12) + 1, YEAR(A12) - 1 & "-" & YEAR(A12)) -> 2024-2025 | D12: KMART STORE | E12: Epping | F12: =IF(G12="WA","Western Australia", IF(G12="NSW","New South Wales", IF(G12="QLD","Queensland", IF(G12="VIC","Victoria", IF(G12="TAS","Tasmania", IF(G12="SA","South Australia", IF(G12="NT","Northern Territory", IF(G12="ACT","Australian Capital Territory",G12)))))))) -> Victoria | G12: VIC | H12: 3076 | I12: Australia | J12: Brian Hubbard | K12: Beauty & Personal Care | L12: Chester George | M12: 1 | N12: 1
A13: 45578 | B13: =IF(MONTH(A13)>=7,YEAR(A13)+1,YEAR(A13)) -> 2025 | C13: =IF(MONTH(A13) >= 7, YEAR(A13) & "-" & YEAR(A13) + 1, YEAR(A13) - 1 & "-" & YEAR(A13)) -> 2024-2025 | D13: KMART STORE | E13: Epsom | F13: =IF(G13="WA","Western Australia", IF(G13="NSW","New South Wales", IF(G13="QLD","Queensland", IF(G13="VIC","Victoria", IF(G13="TAS","Tasmania", IF(G13="SA","South Australia", IF(G13="NT","Northern Territory", IF(G13="ACT","Australian Capital Territory",G13)))))))) -> Victoria | G13: VIC | H13: 3551 | I13: Australia | J13: Jerry Fulton | K13: Stationery & Office Supplies | L13: Ella Hickman | M13: 1 | N13: 1
... A4506: 45325 | B4506: =IF(MONTH(A4506)>=7,YEAR(A4506)+1,YEAR(A4506)) -> 2024 | C4506: =IF(MONTH(A4506) >= 7, YEAR(A4506) & "-" & YEAR(A4506) + 1, YEAR(A4506) - 1 & "-" & YEAR(A4506)) -> 2023-2024 | D4506: KMART STORE | E4506: Campbelltown | F4506: =IF(G4506="WA","Western Australia", IF(G4506="NSW","New South Wales", IF(G4506="QLD","Queensland", IF(G4506="VIC","Victoria", IF(G4506="TAS","Tasmania", IF(G4506="SA","South Australia", IF(G4506="NT","Northern Territory", IF(G4506="ACT","Australian Capital Territory",G4506)))))))) -> New South Wales | G4506: NSW | H4506: 2560 | I4506: Australia | J4506: George Chester | K4506: Home & Living | L4506: Elizabeth Gentry | M4506: 12653.07 | N4506: 1

Sheet Main Dashboard
E1: Sales Dashboard
Q20: Total sales and trend by state
Q21: State | R21: Total Sales | S21: Sales Total | T21: Online | U21: Store
Q22: =IF('state sparkline'!A6="","",'state sparkline'!A6) -> Australian Capital Territory | R22: =IFERROR(GETPIVOTDATA("Sales",'map - sales by state'!$A$3,"Full State",Q22,"Country","Australia"),"") -> 38681.96
Q23: =IF('state sparkline'!A7="","",'state sparkline'!A7) -> New South Wales | R23: =IFERROR(GETPIVOTDATA("Sales",'map - sales by state'!$A$3,"Full State",Q23,"Country","Australia"),"") -> 1165603.5
Q24: =IF('state sparkline'!A8="","",'state sparkline'!A8) -> Northern Territory | R24: =IFERROR(GETPIVOTDATA("Sales",'map - sales by state'!$A$3,"Full State",Q24,"Country","Australia"),"") -> 67846.81
Q25: =IF('state sparkline'!A9="","",'state sparkline'!A9) -> Queensland | R25: =IFERROR(GETPIVOTDATA("Sales",'map - sales by state'!$A$3,"Full State",Q25,"Country","Australia"),"") -> 603864.98
Q26: =IF('state sparkline'!A10="","",'state sparkline'!A10) -> South Australia | R26: =IFERROR(GETPIVOTDATA("Sales",'map - sales by state'!$A$3,"Full State",Q26,"Country","Australia"),"") -> 112716.27
Q27: =IF('state sparkline'!A11="","",'state sparkline'!A11) -> Tasmania | R27: =IFERROR(GETPIVOTDATA("Sales",'map - sales by state'!$A$3,"Full State",Q27,"Country","Australia"),"") -> 59512.45
Q28: =IF('state sparkline'!A12="","",'state sparkline'!A12) -> Victoria | R28: =IFERROR(GETPIVOTDATA("Sales",'map - sales by state'!$A$3,"Full State",Q28,"Country","Australia"),"") -> 825449.32
Q29: =IF('state sparkline'!A13="","",'state sparkline'!A13) -> Western Australia | R29: =IFERROR(GETPIVOTDATA("Sales",'map - sales by state'!$A$3,"Full State",Q29,"Country","Australia"),"") -> 312583.22

Sheet Totals and average sales
A3: Row Labels | B3: Sum of Sales | C3: Average of Sales2 | E3: Total | F3: Average
A4: KMART ONLINE | B4: 658115.49 | C4: 502.76202 | E4: =GETPIVOTDATA("Sum of Sales",$A$3) -> 3186258.5 | F4: =GETPIVOTDATA("Average of Sales2",$A$3) -> 707.27158
A5: KMART STORE | B5: 2528143 | C5: 791.03348
A6: Grand Total | B6: 3186258.5 | C6: 707.27158

Sheet total sales over time
A3: Sum of Sales | B3: Column Labels
A4: Row Labels | B4: KMART ONLINE | C4: KMART STORE | D4: Grand Total
A5: 2024 | B5: 312187.35 | C5: 1319266.3 | D5: 1631453.7 | F5: =SUM('KMART DATA'!M:M) -> 3186258.5
A6: Jan | B6: 17665.07 | C6: 113131.16 | D6: 130796.23
A7: Feb | B7: 12622.54 | C7: 119907.95 | D7: 132530.49
A8: Mar | B8: 30766.69 | C8: 90020.7 | D8: 120787.39
A9: Apr | B9: 27919.52 | C9: 142763.91 | D9: 170683.43
A10: May | B10: 32337.62 | C10: 92188.86 | D10: 124526.48
A11: Jun | B11: 42988.65 | C11: 145977.94 | D11: 188966.59
A12: Jul | B12: 23888.63 | C12: 109827.61 | D12: 133716.24
A13: Aug | B13: 31904.03 | C13: 120579.63 | D13: 152483.66
A14: Sep | B14: 24828.08 | C14: 108649.16 | D14: 133477.24
A15: Oct | B15: 17343.39 | C15: 106032.67 | D15: 123376.06
A16: Nov | B16: 18723.63 | C16: 73922.55 | D16: 92646.18
A17: Dec | B17: 31199.5 | C17: 96264.17 | D17: 127463.67
... A31: Grand Total | B31: 658115.49 | C31: 2528143 | D31: 3186258.5

Sheet avg sales over time
A3: Average of Sales | B3: Column Labels
A4: Row Labels | B4: KMART ONLINE | C4: KMART STORE | D4: Grand Total
A5: 2024 | B5: 493.96733 | C5: 803.94047 | D5: 717.75348 | F5: =AVERAGE('KMART DATA'!M:M) -> 707.27158
A6: Jan | B6: 353.3014 | C6: 844.26239 | D6: 710.84908
A7: Feb | B7: 293.54744 | C7: 826.95138 | D7: 704.94941
A8: Mar | B8: 530.46017 | C8: 652.32391 | D8: 616.26219
A9: Apr | B9: 507.62764 | C9: 951.7594 | D9: 832.6021
A10: May | B10: 557.54517 | C10: 720.22547 | D10: 669.4972
A11: Jun | B11: 741.18362 | C11: 1035.3045 | D11: 949.58085
A12: Jul | B12: 487.52306 | C12: 762.69174 | D12: 692.83026
A13: Aug | B13: 540.74627 | C13: 803.8642 | D13: 729.58689
A14: Sep | B14: 591.14476 | C14: 749.30455 | D14: 713.78203
A15: Oct | B15: 327.23377 | C15: 821.95868 | D15: 677.89044
A16: Nov | B16: 374.4726 | C16: 642.80478 | D16: 561.492
A17: Dec | B17: 547.35965 | C17: 789.05057 | D17: 712.08754
... A31: Grand Total | B31: 502.76202 | C31: 791.03348 | D31: 707.27158

Sheet sales by category
A3: Sum of Sales | B3: Column Labels
A4: Row Labels | B4: KMART ONLINE | C4: KMART STORE | D4: Grand Total
A5: Party & Gift Wrap | B5: 12738.55 | C5: 48848.58 | D5: 61587.13
A6: Stationery & Office Supplies | B6: 15631.69 | C6: 51254.19 | D6: 66885.88
A7: Accessories | B7: 23548.91 | C7: 63908.99 | D7: 87457.9
A8: Electronics & Entertainment | B8: 39203.43 | C8: 125502.73 | D8: 164706.16
A9: Baby & Nursery | B9: 45816.3 | C9: 174100.78 | D9: 219917.08
A10: Beauty & Personal Care | B10: 81915.97 | C10: 278257.8 | D10: 360173.77
A11: Footwear | B11: 69084.55 | C11: 312539.23 | D11: 381623.78
A12: Toys & Outdoor Play | B12: 121697.56 | C12: 427704.99 | D12: 549402.55
A13: Home & Living | B13: 104554.16 | C13: 503470.23 | D13: 608024.39
A14: Clothing & Fashion | B14: 143924.37 | C14: 542555.47 | D14: 686479.84
A15: Grand Total | B15: 658115.49 | C15: 2528143 | D15: 3186258.5

Sheet sales by suburb
A3: Sum of Sales | B3: Column Labels
A4: Row Labels | B4: KMART ONLINE | C4: KMART STORE | D4: Grand Total
A5: Frankston | B5: 1627.17 | C5: 104095.14 | D5: 105722.31 | F5: =IFERROR(INDEX(A5:A14, MATCH(MAX(D5:D14), D5:D14, 0)),INDEX(A5:A14, MATCH(MAX(B5:B14), B5:B14, 0))) -> Frankston
A6: Campbelltown | B6: 2666.74 | C6: 94778.62 | D6: 97445.36
A7: Chadstone | B7: 1827.37 | C7: 82414.69 | D7: 84242.06
A8: Underwood | B8: 1632.75 | C8: 75585.83 | D8: 77218.58
A9: Albany | B9: 63673.17 | C9: 12433.82 | D9: 76106.99
A10: Alexandria | B10: 64607.83 | C10: 10855.09 | D10: 75462.92
A11: Dubbo | B11: 3266.77 | C11: 71472.15 | D11: 74738.92
A12: Ballarat | B12: 15847.23 | C12: 58570.1 | D12: 74417.33
A13: Armidale | B13: 65457.71 | C13: 7650.54 | D13: 73108.25
A14: Castle Hill | B14: 4935.67 | C14: 66856.09 | D14: 71791.76
A15: Grand Total | B15: 225542.41 | C15: 584712.07 | D15: 810254.48

Sheet online vs store
A3: Row Labels | B3: Sum of Sales
A4: KMART ONLINE | B4: 658115.49
A5: KMART STORE | B5: 2528143
A6: Grand Total | B6: 3186258.5

Sheet state sparkline
A1: Type | B1: (All)
A3: Sum of Sales | B3: Column Labels
B4: 2024 | N4: 2025
A5: Row Labels | B5: Jan | C5: Feb | D5: Mar | E5: Apr | F5: May | G5: Jun | H5: Jul | I5: Aug | J5: Sep | K5: Oct | L5: Nov | M5: Dec
A6: Australian Capital Territory | B6: 2487.93 | C6: 31 | D6: 522.22 | E6: 2517.59 | F6: 547.48 | G6: 1882.32 | H6: 2351.43 | I6: 747.94 | J6: 859.16 | K6: 1291.51 | L6: 1043.02 | M6: 1358.68 | N6: 23041.68
A7: New South Wales | B7: 34786.91 | C7: 53147.22 | D7: 47054.91 | E7: 65289.14 | F7: 42797.46 | G7: 75352.9 | H7: 43487.3 | I7: 52364.45 | J7: 36195.92 | K7: 36885.59 | L7: 29161.07 | M7: 53154.85 | N7: 595925.75
A8: Northern Territory | B8: 5444.25 | C8: 6893.44 | D8: 283.01 | E8: 2888.44 | F8: 3095.21 | G8: 1090.93 | H8: 3061.76 | I8: 1037.09 | J8: 1766.66 | K8: 5480.28 | L8: 1867.12 | M8: 975.43 | N8: 33963.19
A9: Queensland | B9: 20657.06 | C9: 23682.34 | D9: 24229.68 | E9: 27449.05 | F9: 38339.41 | G9: 43033.21 | H9: 19780.93 | I9: 38129.71 | J9: 44197.53 | K9: 5681.13 | L9: 23206.23 | M9: 18849.86 | N9: 276628.84
A10: South Australia | B10: 6127.46 | C10: 2657.02 | D10: 1639.22 | E10: 3449.05 | F10: 2693.26 | G10: 4159.73 | H10: 3013.54 | I10: 5542.8 | J10: 4511.49 | K10: 7133.27 | L10: 4808.09 | M10: 4008.05 | N10: 62973.29
A11: Tasmania | B11: 2982.14 | C11: 3427.43 | D11: 552.32 | E11: 2185 | F11: 3372.03 | G11: 1828.1 | H11: 1840.51 | I11: 2493.61 | J11: 4015.02 | K11: 2474.28 | L11: 2305.18 | M11: 2311.21 | N11: 29725.62
A12: Victoria | B12: 39578.92 | C12: 27773.33 | D12: 39689.17 | E12: 57017.14 | F12: 21766.87 | G12: 38197.99 | H12: 47882.67 | I12: 38629.98 | J12: 35624.46 | K12: 35095.76 | L12: 22766.99 | M12: 36863.53 | N12: 384562.51
A13: Western Australia | B13: 18731.56 | C13: 14918.71 | D13: 6816.86 | E13: 9888.02 | F13: 11914.76 | G13: 23421.41 | H13: 12298.1 | I13: 13538.08 | J13: 6307 | K13: 29334.24 | L13: 7488.48 | M13: 9942.06 | N13: 147983.94
A18: Type | B18: (All)
A20: Sum of Sales | B20: Column Labels
B21: 2024 | N21: 2025
A22: Row Labels | B22: Jan | C22: Feb | D22: Mar | E22: Apr | F22: May | G22: Jun | H22: Jul | I22: Aug | J22: Sep | K22: Oct | L22: Nov | M22: Dec
A23: Australian Capital Territory | B23: 2487.93 | C23: 31 | D23: 522.22 | E23: 2517.59 | F23: 547.48 | G23: 1882.32 | H23: 2351.43 | I23: 747.94 | J23: 859.16 | K23: 1291.51 | L23: 1043.02 | M23: 1358.68 | N23: 23041.68
A24: New South Wales | B24: 34786.91 | C24: 53147.22 | D24: 47054.91 | E24: 65289.14 | F24: 42797.46 | G24: 75352.9 | H24: 43487.3 | I24: 52364.45 | J24: 36195.92 | K24: 36885.59 | L24: 29161.07 | M24: 53154.85 | N24: 595925.75
A25: Northern Territory | B25: 5444.25 | C25: 6893.44 | D25: 283.01 | E25: 2888.44 | F25: 3095.21 | G25: 1090.93 | H25: 3061.76 | I25: 1037.09 | J25: 1766.66 | K25: 5480.28 | L25: 1867.12 | M25: 975.43 | N25: 33963.19
A26: Queensland | B26: 20657.06 | C26: 23682.34 | D26: 24229.68 | E26: 27449.05 | F26: 38339.41 | G26: 43033.21 | H26: 19780.93 | I26: 38129.71 | J26: 44197.53 | K26: 5681.13 | L26: 23206.23 | M26: 18849.86 | N26: 276628.84
A27: South Australia | B27: 6127.46 | C27: 2657.02 | D27: 1639.22 | E27: 3449.05 | F27: 2693.26 | G27: 4159.73 | H27: 3013.54 | I27: 5542.8 | J27: 4511.49 | K27: 7133.27 | L27: 4808.09 | M27: 4008.05 | N27: 62973.29
A28: Tasmania | B28: 2982.14 | C28: 3427.43 | D28: 552.32 | E28: 2185 | F28: 3372.03 | G28: 1828.1 | H28: 1840.51 | I28: 2493.61 | J28: 4015.02 | K28: 2474.28 | L28: 2305.18 | M28: 2311.21 | N28: 29725.62
A29: Victoria | B29: 39578.92 | C29: 27773.33 | D29: 39689.17 | E29: 57017.14 | F29: 21766.87 | G29: 38197.99 | H29: 47882.67 | I29: 38629.98 | J29: 35624.46 | K29: 35095.76 | L29: 22766.99 | M29: 36863.53 | N29: 384562.51
A30: Western Australia | B30: 18731.56 | C30: 14918.71 | D30: 6816.86 | E30: 9888.02 | F30: 11914.76 | G30: 23421.41 | H30: 12298.1 | I30: 13538.08 | J30: 6307 | K30: 29334.24 | L30: 7488.48 | M30: 9942.06 | N30: 147983.94
A35: Type | B35: (All)
A37: Sum of Sales | B37: Column Labels
B38: 2024 | N38: 2025
A39: Row Labels | B39: Jan | C39: Feb | D39: Mar | E39: Apr | F39: May | G39: Jun | H39: Jul | I39: Aug | J39: Sep | K39: Oct | L39: Nov | M39: Dec
A40: Australian Capital Territory | B40: 2487.93 | C40: 31 | D40: 522.22 | E40: 2517.59 | F40: 547.48 | G40: 1882.32 | H40: 2351.43 | I40: 747.94 | J40: 859.16 | K40: 1291.51 | L40: 1043.02 | M40: 1358.68 | N40: 23041.68
A41: New South Wales | B41: 34786.91 | C41: 53147.22 | D41: 47054.91 | E41: 65289.14 | F41: 42797.46 | G41: 75352.9 | H41: 43487.3 | I41: 52364.45 | J41: 36195.92 | K41: 36885.59 | L41: 29161.07 | M41: 53154.85 | N41: 595925.75
A42: Northern Territory | B42: 5444.25 | C42: 6893.44 | D42: 283.01 | E42: 2888.44 | F42: 3095.21 | G42: 1090.93 | H42: 3061.76 | I42: 1037.09 | J42: 1766.66 | K42: 5480.28 | L42: 1867.12 | M42: 975.43 | N42: 33963.19
A43: Queensland | B43: 20657.06 | C43: 23682.34 | D43: 24229.68 | E43: 27449.05 | F43: 38339.41 | G43: 43033.21 | H43: 19780.93 | I43: 38129.71 | J43: 44197.53 | K43: 5681.13 | L43: 23206.23 | M43: 18849.86 | N43: 276628.84
A44: South Australia | B44: 6127.46 | C44: 2657.02 | D44: 1639.22 | E44: 3449.05 | F44: 2693.26 | G44: 4159.73 | H44: 3013.54 | I44: 5542.8 | J44: 4511.49 | K44: 7133.27 | L44: 4808.09 | M44: 4008.05 | N44: 62973.29
A45: Tasmania | B45: 2982.14 | C45: 3427.43 | D45: 552.32 | E45: 2185 | F45: 3372.03 | G45: 1828.1 | H45: 1840.51 | I45: 2493.61 | J45: 4015.02 | K45: 2474.28 | L45: 2305.18 | M45: 2311.21 | N45: 29725.62
A46: Victoria | B46: 39578.92 | C46: 27773.33 | D46: 39689.17 | E46: 57017.14 | F46: 21766.87 | G46: 38197.99 | H46: 47882.67 | I46: 38629.98 | J46: 35624.46 | K46: 35095.76 | L46: 22766.99 | M46: 36863.53 | N46: 384562.51
A47: Western Australia | B47: 18731.56 | C47: 14918.71 | D47: 6816.86 | E47: 9888.02 | F47: 11914.76 | G47: 23421.41 | H47: 12298.1 | I47: 13538.08 | J47: 6307 | K47: 29334.24 | L47: 7488.48 | M47: 9942.06 | N47: 147983.94

Sheet map - sales by state
A3: Row Labels | B3: Full State | C3: Sum of Sales | E3: Country | F3: Full State | G3: Sum of Sales
A4: Australia | B4: Australian Capital Territory | C4: 38681.96 | E4: Australia | F4: Australian Capital Territory | G4: 38681.96
A5: Australia | B5: New South Wales | C5: 1165603.5 | E5: Australia | F5: New South Wales | G5: 1165603.5
A6: Australia | B6: Northern Territory | C6: 67846.81 | E6: Australia | F6: Northern Territory | G6: 67846.81
A7: Australia | B7: Queensland | C7: 603864.98 | E7: Australia | F7: Queensland | G7: 603864.98
A8: Australia | B8: South Australia | C8: 112716.27 | E8: Australia | F8: South Australia | G8: 112716.27
A9: Australia | B9: Tasmania | C9: 59512.45 | E9: Australia | F9: Tasmania | G9: 59512.45
A10: Australia | B10: Victoria | C10: 825449.32 | E10: Australia | F10: Victoria | G10: 825449.32
A11: Australia | B11: Western Australia | C11: 312583.22 | E11: Australia | F11: Western Australia | G11: 312583.22
A12: Australia Total | C12: 3186258.5
A13: Grand Total | C13: 3186258.5

Sheet sales by managers
A3: Sum of Sales | B3: Column Labels
A4: Row Labels | B4: KMART ONLINE | C4: KMART STORE | D4: Grand Total
A5: Rachael Long | B5: 16223.21 | C5: 293553.06 | D5: 309776.27 | F5: =IFERROR(INDEX(A5:A14, MATCH(MAX(D5:D14), D5:D14, 0)),INDEX(A5:A14, MATCH(MAX(B5:B14), B5:B14, 0))) -> Rachael Long
A6: John Gardner | B6: 23870.3 | C6: 272210.6 | D6: 296080.9
A7: Lillian Pruitt | B7: 70065.94 | C7: 201015.25 | D7: 271081.19
A8: Jeremy Garcia | B8: 81133.34 | C8: 172533.9 | D8: 253667.24
A9: Jerry Fulton | B9: 38138.72 | C9: 210632.55 | D9: 248771.27
A10: George Chester | B10: 19648.4 | C10: 205043.05 | D10: 224691.45
A11: Terri Wright | B11: 8133.15 | C11: 204205.12 | D11: 212338.27
A12: Brian Hubbard | B12: 101079.18 | C12: 98503.73 | D12: 199582.91
A13: Claire Bridges | B13: 72424.01 | C13: 86340.64 | D13: 158764.65
A14: Miles Hammond | B14: 65967.66 | C14: 83827.01 | D14: 149794.67
A15: Grand Total | B15: 496683.91 | C15: 1827864.9 | D15: 2324548.8

Sheet sales by buyers
A3: Sum of Sales | B3: Column Labels
A4: Row Labels | B4: KMART ONLINE | C4: KMART STORE | D4: Grand Total
A5: Bruce Curran | B5: 143924.37 | C5: 542555.47 | D5: 686479.84 | F5: =IFERROR(INDEX(A5:A14, MATCH(MAX(D5:D14), D5:D14, 0)),INDEX(A5:A14, MATCH(MAX(B5:B14), B5:B14, 0))) -> Bruce Curran
A6: Elizabeth Gentry | B6: 104554.16 | C6: 503470.23 | D6: 608024.39
A7: Howard Wright | B7: 121697.56 | C7: 427704.99 | D7: 549402.55
A8: Richard Carr | B8: 69084.55 | C8: 312539.23 | D8: 381623.78
A9: Chester George | B9: 81915.97 | C9: 278257.8 | D9: 360173.77
A10: Amy Buchanan | B10: 45816.3 | C10: 174100.78 | D10: 219917.08
A11: Maggie Mayer | B11: 39203.43 | C11: 125502.73 | D11: 164706.16
A12: Sara Ferrell | B12: 23548.91 | C12: 63908.99 | D12: 87457.9
A13: Ella Hickman | B13: 15631.69 | C13: 51254.19 | D13: 66885.88
A14: Chris Monroe | B14: 12738.55 | C14: 48848.58 | D14: 61587.13
A15: Grand Total | B15: 658115.49 | C15: 2528143 | D15: 3186258.5
